Period,Project_ID,Division,Funding_Mechanism,Budget_Revenue,Actual_Revenue,Budget_FTE_Hours,Actual_FTE_Hours,Budget_Labor_Recovery,Actual_Labor_Recovery,Budget_Direct_Labor_Cost,Actual_Direct_Labor_Cost,Budget_Lab_OpEx,Actual_Lab_OpEx,Budget_Overhead,Actual_Overhead,Budget_Depreciation,Actual_Depreciation
2025-07-01,RND-101,Applied Agricultural Science,Competitive Research Grant,97148.23761218025,107280.37311251632,281.0244046722596,275.9061509652109,46848.32626028161,45995.08499167949,20374.26933873882,20145.67547703938,20146.36378923199,23359.70645344058,17486.682770192445,17486.682770192445,8849.377460624444,9291.846333655667
2025-08-01,RND-101,Applied Agricultural Science,Competitive Research Grant,97148.23761218025,102526.19845070725,281.0244046722596,306.5513293418052,46848.32626028161,51103.80612415747,20374.26933873882,22590.64821289932,20146.36378923199,21230.95376296355,17486.682770192445,17486.682770192445,8849.377460624444,8849.377460624444
2025-09-01,RND-101,Applied Agricultural Science,Competitive Research Grant,97148.23761218025,94099.97544756206,281.0244046722596,276.6096340467609,46848.32626028161,46112.35952148938,20374.26933873882,20556.543600347704,20146.36378923199,21742.940577922232,17486.682770192445,17486.682770192445,8849.377460624444,8849.377460624444
2025-10-01,RND-101,Applied Agricultural Science,Competitive Research Grant,97148.23761218025,96711.49293862926,281.0244046722596,279.0147044143504,46848.32626028161,46513.298085494775,20374.26933873882,20202.74160942699,20146.36378923199,21228.220772922898,17486.682770192445,17486.682770192445,8849.377460624444,8849.377460624444
2025-11-01,RND-101,Applied Agricultural Science,Competitive Research Grant,97148.23761218025,98871.4751805196,281.0244046722596,279.1945697237128,46848.32626028161,46543.28262974012,20374.26933873882,20760.395105224252,20146.36378923199,18392.655542015127,17486.682770192445,17486.682770192445,8849.377460624444,9291.846333655667
2025-12-01,RND-101,Applied Agricultural Science,Competitive Research Grant,97148.23761218025,92171.07500051096,281.0244046722596,253.3225375368532,46848.32626028161,42230.271429449334,20374.26933873882,18875.0369617667,20146.36378923199,21746.960851984462,17486.682770192445,17486.682770192445,8849.377460624444,8849.377460624444
2026-01-01,RND-101,Applied Agricultural Science,Competitive Research Grant,97148.23761218025,100106.90000378534,281.0244046722596,252.59763340699507,46848.32626028161,42109.425892128034,20374.26933873882,18461.91668426773,20146.36378923199,24189.295502168607,17486.682770192445,17486.682770192445,8849.377460624444,8849.377460624444
2026-02-01,RND-101,Applied Agricultural Science,Competitive Research Grant,97148.23761218025,87618.02486816162,281.0244046722596,254.4919646619086,46848.32626028161,42425.221414508866,20374.26933873882,18452.285977559106,20146.36378923199,19723.41815200642,17486.682770192445,17486.682770192445,8849.377460624444,8849.377460624444
2026-03-01,RND-101,Applied Agricultural Science,Competitive Research Grant,97148.23761218025,109776.5576722294,281.0244046722596,293.55039868709116,46848.32626028161,48936.478906759185,20374.26933873882,21176.89598151196,20146.36378923199,21506.695768997713,17486.682770192445,17486.682770192445,8849.377460624444,9291.846333655667
2026-04-01,RND-101,Applied Agricultural Science,Competitive Research Grant,97148.23761218025,89410.96478995463,281.0244046722596,283.3770321914881,46848.32626028161,47240.52231072169,20374.26933873882,20484.972962487915,20146.36378923199,19659.22980855684,17486.682770192445,17486.682770192445,8849.377460624444,8849.377460624444
2026-05-01,RND-101,Applied Agricultural Science,Competitive Research Grant,97148.23761218025,96305.44587208243,281.0244046722596,281.488506980412,46848.32626028161,46925.69468803731,20374.26933873882,20455.037832412778,20146.36378923199,22917.938704452972,17486.682770192445,17486.682770192445,8849.377460624444,8849.377460624444
2026-06-01,RND-101,Applied Agricultural Science,Competitive Research Grant,97148.23761218025,92565.10347696248,281.0244046722596,252.67920305952154,46848.32626028161,42123.02400542696,20374.26933873882,18605.948795889937,20146.36378923199,23303.353972707206,17486.682770192445,17486.682770192445,8849.377460624444,9291.846333655667
2025-07-01,RND-102,Applied Agricultural Science,Government Crown Core,97779.12137981209,96038.20574091554,835.5887735615946,834.8829159112213,124917.97118840116,124812.44762415242,60580.18608321561,60723.193404803256,18233.259196201958,19089.420562419476,17600.241848366175,17600.241848366175,14106.622626825347,14811.953758166615
2025-08-01,RND-102,Applied Agricultural Science,Government Crown Core,97779.12137981209,100341.8635992952,835.5887735615946,836.269734083391,124917.97118840116,125019.77270792089,60580.18608321561,60771.40824806488,18233.259196201958,16032.064428130243,17600.241848366175,17600.241848366175,14106.622626825347,14106.622626825347
2025-09-01,RND-102,Applied Agricultural Science,Government Crown Core,97779.12137981209,97915.44559851426,835.5887735615946,812.3250468244614,124917.97118840116,121440.11504883465,60580.18608321561,58554.93108168443,18233.259196201958,20538.243785314917,17600.241848366175,17600.241848366175,14106.622626825347,14811.953758166615
2025-10-01,RND-102,Applied Agricultural Science,Government Crown Core,97779.12137981209,85139.68357122586,835.5887735615946,769.7302383813567,124917.97118840116,115072.32119828813,60580.18608321561,57210.73617258582,18233.259196201958,19462.254858903572,17600.241848366175,17600.241848366175,14106.622626825347,14106.622626825347
2025-11-01,RND-102,Applied Agricultural Science,Government Crown Core,97779.12137981209,99545.82272583939,835.5887735615946,812.5386765260164,124917.97118840116,121472.05203715737,60580.18608321561,58862.19514639283,18233.259196201958,16862.051534903057,17600.241848366175,17600.241848366175,14106.622626825347,14106.622626825347
2025-12-01,RND-102,Applied Agricultural Science,Government Crown Core,97779.12137981209,93654.59325926326,835.5887735615946,716.4173189488558,124917.97118840116,107102.20246960732,60580.18608321561,51511.797361136545,18233.259196201958,16545.907937418742,17600.241848366175,17600.241848366175,14106.622626825347,14106.622626825347
2026-01-01,RND-102,Applied Agricultural Science,Government Crown Core,97779.12137981209,98174.90613970128,835.5887735615946,810.3654951521262,124917.97118840116,121147.16805494003,60580.18608321561,59084.85115242978,18233.259196201958,17170.66861566328,17600.241848366175,17600.241848366175,14106.622626825347,14811.953758166615
2026-02-01,RND-102,Applied Agricultural Science,Government Crown Core,97779.12137981209,111097.50472324359,835.5887735615946,846.4552749620788,124917.97118840116,126542.47998006259,60580.18608321561,63664.006906871145,18233.259196201958,20277.388054567287,17600.241848366175,17600.241848366175,14106.622626825347,14811.953758166615
2026-03-01,RND-102,Applied Agricultural Science,Government Crown Core,97779.12137981209,91449.79873401242,835.5887735615946,887.8343409887095,124917.97118840116,132728.52405014436,60580.18608321561,63781.5692016361,18233.259196201958,19916.6908461827,17600.241848366175,17600.241848366175,14106.622626825347,14811.953758166615
2026-04-01,RND-102,Applied Agricultural Science,Government Crown Core,97779.12137981209,87647.14396356318,835.5887735615946,739.2959923136652,124917.97118840116,110522.4943053059,60580.18608321561,55087.93982344832,18233.259196201958,18929.019329541363,17600.241848366175,17600.241848366175,14106.622626825347,14811.953758166615
2026-05-01,RND-102,Applied Agricultural Science,Government Crown Core,97779.12137981209,77090.07407736164,835.5887735615946,865.7770129553538,124917.97118840116,129431.02083451419,60580.18608321561,64399.6287613524,18233.259196201958,19287.158154252076,17600.241848366175,17600.241848366175,14106.622626825347,14811.953758166615
2026-06-01,RND-102,Applied Agricultural Science,Government Crown Core,97779.12137981209,91533.3452269814,835.5887735615946,840.3784698153885,124917.97118840116,125634.01615880251,60580.18608321561,60606.85138900259,18233.259196201958,19511.13232766127,17600.241848366175,17600.241848366175,14106.622626825347,14106.622626825347
2025-07-01,RND-103,Applied Agricultural Science,Competitive Research Grant,75901.71775258749,63425.28324042807,299.63262904370833,261.65113106584545,50791.19586142659,44352.89269978192,21723.365605668856,19154.971024430597,14324.144909614404,12757.189170869076,13662.309195465747,13662.309195465747,13626.538838849665,13626.538838849665
2025-08-01,RND-103,Applied Agricultural Science,Competitive Research Grant,75901.71775258749,81706.38144190998,299.63262904370833,278.57900728186564,50791.19586142659,47222.36348856056,21723.365605668856,20408.294469130087,14324.144909614404,15361.400602303456,13662.309195465747,13662.309195465747,13626.538838849665,14307.865780792148
2025-09-01,RND-103,Applied Agricultural Science,Competitive Research Grant,75901.71775258749,77618.61539951205,299.63262904370833,291.9391566085915,50791.19586142659,49487.06330899517,21723.365605668856,21793.30970369691,14324.144909614404,14602.330835821607,13662.309195465747,13662.309195465747,13626.538838849665,14307.865780792148
2025-10-01,RND-103,Applied Agricultural Science,Competitive Research Grant,75901.71775258749,87634.55313850303,299.63262904370833,259.9535365364285,50791.19586142659,44065.13079443774,21723.365605668856,18844.84626489758,14324.144909614404,12944.777835679433,13662.309195465747,13662.309195465747,13626.538838849665,14307.865780792148
2025-11-01,RND-103,Applied Agricultural Science,Competitive Research Grant,75901.71775258749,71728.90280899113,299.63262904370833,287.2934267500043,50791.19586142659,48699.55837029786,21723.365605668856,21145.51778847742,14324.144909614404,12425.728702355338,13662.309195465747,13662.309195465747,13626.538838849665,13626.538838849665
2025-12-01,RND-103,Applied Agricultural Science,Competitive Research Grant,75901.71775258749,79557.14166516627,299.63262904370833,294.27192069143786,50791.19586142659,49882.49379935431,21723.365605668856,21339.590828166267,14324.144909614404,13926.92408416995,13662.309195465747,13662.309195465747,13626.538838849665,14307.865780792148
2026-01-01,RND-103,Applied Agricultural Science,Competitive Research Grant,75901.71775258749,83692.34669212297,299.63262904370833,298.0677485668796,50791.19586142659,50525.93052282844,21723.365605668856,22223.65828766648,14324.144909614404,15117.216711339819,13662.309195465747,13662.309195465747,13626.538838849665,14307.865780792148
2026-02-01,RND-103,Applied Agricultural Science,Competitive Research Grant,75901.71775258749,75274.36554579943,299.63262904370833,275.6614083391597,50791.19586142659,46727.796725865126,21723.365605668856,20000.195674968254,14324.144909614404,16277.794024864868,13662.309195465747,13662.309195465747,13626.538838849665,14307.865780792148
2026-03-01,RND-103,Applied Agricultural Science,Competitive Research Grant,75901.71775258749,68871.96781947472,299.63262904370833,263.4006313715971,50791.19586142659,44649.45323450291,21723.365605668856,19626.690802773952,14324.144909614404,15066.546593775553,13662.309195465747,13662.309195465747,13626.538838849665,13626.538838849665
2026-04-01,RND-103,Applied Agricultural Science,Competitive Research Grant,75901.71775258749,74862.39377184275,299.63262904370833,304.302464138678,50791.19586142659,51582.78691646675,21723.365605668856,22032.46083248498,14324.144909614404,15248.12641841791,13662.309195465747,13662.309195465747,13626.538838849665,14307.865780792148
2026-05-01,RND-103,Applied Agricultural Science,Competitive Research Grant,75901.71775258749,69452.01951727884,299.63262904370833,300.3353259581052,50791.19586142659,50910.31111507657,21723.365605668856,21634.87652275185,14324.144909614404,14469.627021225295,13662.309195465747,13662.309195465747,13626.538838849665,13626.538838849665
2026-06-01,RND-103,Applied Agricultural Science,Competitive Research Grant,75901.71775258749,74538.5155621776,299.63262904370833,308.99384433376594,50791.19586142659,52378.03011514513,21723.365605668856,22642.491636616407,14324.144909614404,13252.399274371732,13662.309195465747,13662.309195465747,13626.538838849665,14307.865780792148
2025-07-01,RND-104,Applied Agricultural Science,Competitive Research Grant,73633.36266211933,64896.1546584001,744.7322851642383,671.3215741726667,131407.7420231427,118454.44865331316,53993.09067440728,49108.77765911943,14398.72568426224,13765.139130757436,13254.005279181478,13254.005279181478,12598.43195681335,13228.353554654019
2025-08-01,RND-104,Applied Agricultural Science,Competitive Research Grant,73633.36266211933,78084.5459350213,744.7322851642383,749.8220462976167,131407.7420231427,132305.8285319435,53993.09067440728,53884.301149769446,14398.72568426224,15396.118413697517,13254.005279181478,13254.005279181478,12598.43195681335,12598.43195681335
2025-09-01,RND-104,Applied Agricultural Science,Competitive Research Grant,73633.36266211933,71480.80694037575,744.7322851642383,665.2286978359016,131407.7420231427,117379.36283013849,53993.09067440728,49271.73031982265,14398.72568426224,14846.096335010736,13254.005279181478,13254.005279181478,12598.43195681335,13228.353554654019
2025-10-01,RND-104,Applied Agricultural Science,Competitive Research Grant,73633.36266211933,75761.34094567112,744.7322851642383,698.2553856965075,131407.7420231427,123206.90994300235,53993.09067440728,50148.34890376476,14398.72568426224,18224.568086803683,13254.005279181478,13254.005279181478,12598.43195681335,12598.43195681335
2025-11-01,RND-104,Applied Agricultural Science,Competitive Research Grant,73633.36266211933,77031.3889398004,744.7322851642383,723.119684993046,131407.7420231427,127594.20654962816,53993.09067440728,53568.19878074191,14398.72568426224,17477.39939033852,13254.005279181478,13254.005279181478,12598.43195681335,12598.43195681335
2025-12-01,RND-104,Applied Agricultural Science,Competitive Research Grant,73633.36266211933,73011.98241345529,744.7322851642383,716.8539884088844,131407.7420231427,126488.62665638476,53993.09067440728,53238.285714797195,14398.72568426224,15604.194212418084,13254.005279181478,13254.005279181478,12598.43195681335,13228.353554654019
2026-01-01,RND-104,Applied Agricultural Science,Competitive Research Grant,73633.36266211933,68400.78125522556,744.7322851642383,688.1285448450611,131407.7420231427,121420.03254205442,53993.09067440728,51170.0415475141,14398.72568426224,14563.94131869946,13254.005279181478,13254.005279181478,12598.43195681335,12598.43195681335
2026-02-01,RND-104,Applied Agricultural Science,Competitive Research Grant,73633.36266211933,82936.03532214634,744.7322851642383,707.1320488365508,131407.7420231427,124773.19393950708,53993.09067440728,52455.52997316289,14398.72568426224,15574.493081194043,13254.005279181478,13254.005279181478,12598.43195681335,12598.43195681335
2026-03-01,RND-104,Applied Agricultural Science,Competitive Research Grant,73633.36266211933,70439.90270204071,744.7322851642383,662.9246861599445,131407.7420231427,116972.82080428056,53993.09067440728,49224.0292940387,14398.72568426224,16504.245708547784,13254.005279181478,13254.005279181478,12598.43195681335,13228.353554654019
2026-04-01,RND-104,Applied Agricultural Science,Competitive Research Grant,73633.36266211933,73343.2996358707,744.7322851642383,699.9512427725726,131407.7420231427,123506.1433099438,53993.09067440728,52471.76946271336,14398.72568426224,14825.875135120634,13254.005279181478,13254.005279181478,12598.43195681335,13228.353554654019
2026-05-01,RND-104,Applied Agricultural Science,Competitive Research Grant,73633.36266211933,66555.68612192106,744.7322851642383,619.3280474089107,131407.7420231427,109280.20968455642,53993.09067440728,44473.841931164316,14398.72568426224,15926.472520661215,13254.005279181478,13254.005279181478,12598.43195681335,12598.43195681335
2026-06-01,RND-104,Applied Agricultural Science,Competitive Research Grant,73633.36266211933,70444.7099465793,744.7322851642383,748.0011680633312,131407.7420231427,131984.5352269087,53993.09067440728,55236.43092516544,14398.72568426224,13992.16687224114,13254.005279181478,13254.005279181478,12598.43195681335,12598.43195681335
2025-07-01,RND-105,Applied Agricultural Science,Government Crown Core,162440.50628044267,157005.37715495005,631.5068949472852,673.9547775007641,114513.61266383594,122210.85305823392,45784.24988367818,48586.76845353743,26793.030286220448,29475.39541791167,29239.29113047968,29239.29113047968,13560.735042961907,14238.771795110004
2025-08-01,RND-105,Applied Agricultural Science,Government Crown Core,162440.50628044267,156350.30159969485,631.5068949472852,602.0456082955271,114513.61266383594,109171.28244509893,45784.24988367818,43939.75638593577,26793.030286220448,28357.46367674387,29239.29113047968,29239.29113047968,13560.735042961907,14238.771795110004
2025-09-01,RND-105,Applied Agricultural Science,Government Crown Core,162440.50628044267,173862.68837889694,631.5068949472852,559.5681755701356,114513.61266383594,101468.68360257057,45784.24988367818,40165.12360404383,26793.030286220448,28438.749821537283,29239.29113047968,29239.29113047968,13560.735042961907,13560.735042961907
2025-10-01,RND-105,Applied Agricultural Science,Government Crown Core,162440.50628044267,156456.8971142279,631.5068949472852,614.0740061970864,114513.61266383594,111352.43883355077,45784.24988367818,44576.343592043035,26793.030286220448,30776.505925897436,29239.29113047968,29239.29113047968,13560.735042961907,14238.771795110004
2025-11-01,RND-105,Applied Agricultural Science,Government Crown Core,162440.50628044267,164127.7043616961,631.5068949472852,629.4455318992548,114513.61266383594,114139.81764824643,45784.24988367818,46239.022885346014,26793.030286220448,31535.742219080035,29239.29113047968,29239.29113047968,13560.735042961907,14238.771795110004
2025-12-01,RND-105,Applied Agricultural Science,Government Crown Core,162440.50628044267,171566.03468772347,631.5068949472852,597.6480623056516,114513.61266383594,108373.85824880721,45784.24988367818,43354.42350538498,26793.030286220448,25727.57982351663,29239.29113047968,29239.29113047968,13560.735042961907,14238.771795110004
2026-01-01,RND-105,Applied Agricultural Science,Government Crown Core,162440.50628044267,142123.60328278595,631.5068949472852,639.6646039351115,114513.61266383594,115992.8819081317,45784.24988367818,46004.67227459857,26793.030286220448,32834.77063476687,29239.29113047968,29239.29113047968,13560.735042961907,13560.735042961907
2026-02-01,RND-105,Applied Agricultural Science,Government Crown Core,162440.50628044267,164902.70208278,631.5068949472852,611.62079660193,114513.61266383594,110907.58875256093,45784.24988367818,45970.69370670503,26793.030286220448,31244.703732791422,29239.29113047968,29239.29113047968,13560.735042961907,13560.735042961907
2026-03-01,RND-105,Applied Agricultural Science,Government Crown Core,162440.50628044267,158944.63854999552,631.5068949472852,533.1054370880811,114513.61266383594,96670.09183927505,45784.24988367818,39995.99606370401,26793.030286220448,24575.528631938072,29239.29113047968,29239.29113047968,13560.735042961907,13560.735042961907
2026-04-01,RND-105,Applied Agricultural Science,Government Crown Core,162440.50628044267,154860.7311999826,631.5068949472852,612.0341863027204,114513.61266383594,110982.55032218793,45784.24988367818,45378.58421564775,26793.030286220448,24345.92943649564,29239.29113047968,29239.29113047968,13560.735042961907,14238.771795110004
2026-05-01,RND-105,Applied Agricultural Science,Government Crown Core,162440.50628044267,141653.40229681923,631.5068949472852,580.3198012144106,114513.61266383594,105231.65696071862,45784.24988367818,43657.11798418707,26793.030286220448,23580.08871147382,29239.29113047968,29239.29113047968,13560.735042961907,13560.735042961907
2026-06-01,RND-105,Applied Agricultural Science,Government Crown Core,162440.50628044267,135667.29838858027,631.5068949472852,571.1779082923122,114513.61266383594,103573.92179825007,45784.24988367818,41828.46404341794,26793.030286220448,32423.294702105395,29239.29113047968,29239.29113047968,13560.735042961907,13560.735042961907
2025-07-01,RND-106,Ecosystem & Environmental Risk,Government Crown Core,150383.75907960313,161115.73270380334,620.098118601819,598.8938496288686,102068.64799020009,98578.40829947244,44957.11359863188,44498.29121843084,32068.526270519298,30861.329859160676,27069.07663432856,27069.07663432856,8626.90737605537,8626.90737605537
2025-08-01,RND-106,Ecosystem & Environmental Risk,Government Crown Core,150383.75907960313,159918.8496768172,620.098118601819,605.7353838605676,102068.64799020009,99704.53032477824,44957.11359863188,45477.50371222049,32068.526270519298,28820.2156374806,27069.07663432856,27069.07663432856,8626.90737605537,9058.252744858139
2025-09-01,RND-106,Ecosystem & Environmental Risk,Government Crown Core,150383.75907960313,154167.30417294725,620.098118601819,586.0659839492839,102068.64799020009,96466.9313134314,44957.11359863188,44168.77916516236,32068.526270519298,35774.821167181515,27069.07663432856,27069.07663432856,8626.90737605537,8626.90737605537
2025-10-01,RND-106,Ecosystem & Environmental Risk,Government Crown Core,150383.75907960313,165883.59087788448,620.098118601819,642.245233502694,102068.64799020009,105714.08087735817,44957.11359863188,46333.76192819259,32068.526270519298,41578.13720979568,27069.07663432856,27069.07663432856,8626.90737605537,8626.90737605537
2025-11-01,RND-106,Ecosystem & Environmental Risk,Government Crown Core,150383.75907960313,157239.44596932398,620.098118601819,625.8711593509731,102068.64799020009,103018.89513074473,44957.11359863188,45092.49322683575,32068.526270519298,35707.12906815095,27069.07663432856,27069.07663432856,8626.90737605537,9058.252744858139
2025-12-01,RND-106,Ecosystem & Environmental Risk,Government Crown Core,150383.75907960313,155590.056205347,620.098118601819,614.0628192831349,102068.64799020009,101075.23287863155,44957.11359863188,46213.999821654455,32068.526270519298,28459.00503206265,27069.07663432856,27069.07663432856,8626.90737605537,8626.90737605537
2026-01-01,RND-106,Ecosystem & Environmental Risk,Government Crown Core,150383.75907960313,166313.80411074706,620.098118601819,554.5892895104748,102068.64799020009,91285.84214674598,44957.11359863188,40038.89269028442,32068.526270519298,33458.98672424626,27069.07663432856,27069.07663432856,8626.90737605537,9058.252744858139
2026-02-01,RND-106,Ecosystem & Environmental Risk,Government Crown Core,150383.75907960313,145057.9851069782,620.098118601819,618.5015603341238,102068.64799020009,101805.85321799749,44957.11359863188,46553.789418147644,32068.526270519298,32158.97027468346,27069.07663432856,27069.07663432856,8626.90737605537,9058.252744858139
2026-03-01,RND-106,Ecosystem & Environmental Risk,Government Crown Core,150383.75907960313,131845.87395767597,620.098118601819,558.7940967863833,102068.64799020009,91977.95679898688,44957.11359863188,40142.15988515588,32068.526270519298,35318.93569944378,27069.07663432856,27069.07663432856,8626.90737605537,8626.90737605537
2026-04-01,RND-106,Ecosystem & Environmental Risk,Government Crown Core,150383.75907960313,147328.75128013556,620.098118601819,612.0381884914395,102068.64799020009,100741.977025423,44957.11359863188,45058.66366099565,32068.526270519298,36302.970451808986,27069.07663432856,27069.07663432856,8626.90737605537,8626.90737605537
2026-05-01,RND-106,Ecosystem & Environmental Risk,Government Crown Core,150383.75907960313,132356.79219862728,620.098118601819,634.3751163403604,102068.64799020009,104418.65327616643,44957.11359863188,47729.1520054039,32068.526270519298,37686.31329465465,27069.07663432856,27069.07663432856,8626.90737605537,9058.252744858139
2026-06-01,RND-106,Ecosystem & Environmental Risk,Government Crown Core,150383.75907960313,150083.41287871107,620.098118601819,575.7010950551036,102068.64799020009,94760.86228296405,44957.11359863188,43359.73664189261,32068.526270519298,38008.17243198932,27069.07663432856,27069.07663432856,8626.90737605537,9058.252744858139
2025-07-01,RND-107,Ecosystem & Environmental Risk,Competitive Research Grant,122007.08901048545,111336.09614817303,590.3083296342163,634.0234890123422,93186.79140455127,100087.71967149676,42797.35389848068,46658.45592482474,24676.859458053215,24594.598382426142,21961.27602188738,21961.27602188738,13032.953164916966,13684.600823162815
2025-08-01,RND-107,Ecosystem & Environmental Risk,Competitive Research Grant,122007.08901048545,111385.93110896266,590.3083296342163,616.0118236120604,93186.79140455127,97244.37624867112,42797.35389848068,44689.713111075056,24676.859458053215,23525.22619195591,21961.27602188738,21961.27602188738,13032.953164916966,13032.953164916966
2025-09-01,RND-107,Ecosystem & Environmental Risk,Competitive Research Grant,122007.08901048545,133821.12845770063,590.3083296342163,610.383172394853,93186.79140455127,96355.83051666037,42797.35389848068,45123.77388694684,24676.859458053215,30809.345037710973,21961.27602188738,21961.27602188738,13032.953164916966,13032.953164916966
2025-10-01,RND-107,Ecosystem & Environmental Risk,Competitive Research Grant,122007.08901048545,117074.64543707001,590.3083296342163,579.3052302542878,93186.79140455127,91449.82874411195,42797.35389848068,43344.73238890028,24676.859458053215,28084.21598113572,21961.27602188738,21961.27602188738,13032.953164916966,13684.600823162815
2025-11-01,RND-107,Ecosystem & Environmental Risk,Competitive Research Grant,122007.08901048545,127205.04595804568,590.3083296342163,563.5809847028363,93186.79140455127,88967.58020273525,42797.35389848068,41595.82938944745,24676.859458053215,25715.462641859864,21961.27602188738,21961.27602188738,13032.953164916966,13684.600823162815
2025-12-01,RND-107,Ecosystem & Environmental Risk,Competitive Research Grant,122007.08901048545,109609.39566159793,590.3083296342163,556.2905823547444,93186.79140455127,87816.70841461756,42797.35389848068,40131.35197114589,24676.859458053215,25923.996278717506,21961.27602188738,21961.27602188738,13032.953164916966,13684.600823162815
2026-01-01,RND-107,Ecosystem & Environmental Risk,Competitive Research Grant,122007.08901048545,113704.18500081611,590.3083296342163,538.0819855596809,93186.79140455127,84942.27716211841,42797.35389848068,40302.21874587301,24676.859458053215,24249.72028146801,21961.27602188738,21961.27602188738,13032.953164916966,13684.600823162815
2026-02-01,RND-107,Ecosystem & Environmental Risk,Competitive Research Grant,122007.08901048545,116706.31044609183,590.3083296342163,566.1769091027176,93186.79140455127,89377.37598810662,42797.35389848068,42369.09923759368,24676.859458053215,25919.273477005212,21961.27602188738,21961.27602188738,13032.953164916966,13032.953164916966
2026-03-01,RND-107,Ecosystem & Environmental Risk,Competitive Research Grant,122007.08901048545,126039.44035214504,590.3083296342163,579.3070887708892,93186.79140455127,91450.12213180472,42797.35389848068,43276.894607105576,24676.859458053215,28531.863412399103,21961.27602188738,21961.27602188738,13032.953164916966,13032.953164916966
2026-04-01,RND-107,Ecosystem & Environmental Risk,Competitive Research Grant,122007.08901048545,138043.12957210396,590.3083296342163,541.4538298553217,93186.79140455127,85474.56060663833,42797.35389848068,39108.29161550051,24676.859458053215,28507.62323480582,21961.27602188738,21961.27602188738,13032.953164916966,13032.953164916966
2026-05-01,RND-107,Ecosystem & Environmental Risk,Competitive Research Grant,122007.08901048545,132814.33113215375,590.3083296342163,603.3732863048458,93186.79140455127,95249.24136647179,42797.35389848068,44824.44455954848,24676.859458053215,27652.48019019753,21961.27602188738,21961.27602188738,13032.953164916966,13684.600823162815
2026-06-01,RND-107,Ecosystem & Environmental Risk,Competitive Research Grant,122007.08901048545,119253.41054703757,590.3083296342163,557.6651569376493,93186.79140455127,88033.70043132605,42797.35389848068,41515.50971844041,24676.859458053215,27337.411215484473,21961.27602188738,21961.27602188738,13032.953164916966,13684.600823162815
2025-07-01,RND-108,Ecosystem & Environmental Risk,International Research Consortium,112612.93844266498,102159.94827203557,926.3867580094474,850.5203637857251,136195.54779643982,125041.82066108807,67163.03995568493,61571.44526669744,22327.04444531715,23212.28863376886,20270.328919679694,20270.328919679694,5103.794630885001,5358.984362429252
2025-08-01,RND-108,Ecosystem & Environmental Risk,International Research Consortium,112612.93844266498,104936.9537403655,926.3867580094474,951.4623022439024,136195.54779643982,139882.10468402287,67163.03995568493,68292.57917864795,22327.04444531715,22412.987509772123,20270.328919679694,20270.328919679694,5103.794630885001,5103.794630885001
2025-09-01,RND-108,Ecosystem & Environmental Risk,International Research Consortium,112612.93844266498,108671.70416124651,926.3867580094474,904.3848745018681,136195.54779643982,132960.8744259925,67163.03995568493,67785.28167231505,22327.04444531715,20944.16524240509,20270.328919679694,20270.328919679694,5103.794630885001,5103.794630885001
2025-10-01,RND-108,Ecosystem & Environmental Risk,International Research Consortium,112612.93844266498,100559.4582536652,926.3867580094474,859.9774077333726,136195.54779643982,126432.17654630434,67163.03995568493,62706.67294602444,22327.04444531715,23387.05772653963,20270.328919679694,20270.328919679694,5103.794630885001,5103.794630885001
2025-11-01,RND-108,Ecosystem & Environmental Risk,International Research Consortium,112612.93844266498,103567.7612094754,926.3867580094474,956.8633579419617,136195.54779643982,140676.15720378998,67163.03995568493,71860.51413260459,22327.04444531715,26293.754801867188,20270.328919679694,20270.328919679694,5103.794630885001,5103.794630885001
2025-12-01,RND-108,Ecosystem & Environmental Risk,International Research Consortium,112612.93844266498,115481.2917014304,926.3867580094474,900.6762805282651,136195.54779643982,132415.64427948787,67163.03995568493,66375.44055555765,22327.04444531715,25367.641848335476,20270.328919679694,20270.328919679694,5103.794630885001,5358.984362429252
2026-01-01,RND-108,Ecosystem & Environmental Risk,International Research Consortium,112612.93844266498,95314.20261348257,926.3867580094474,830.6606454632515,136195.54779643982,122122.08417670203,67163.03995568493,61510.308048349936,22327.04444531715,21231.495319150694,20270.328919679694,20270.328919679694,5103.794630885001,5358.984362429252
2026-02-01,RND-108,Ecosystem & Environmental Risk,International Research Consortium,112612.93844266498,88414.93367894442,926.3867580094474,877.2779715688057,136195.54779643982,128975.67120270147,67163.03995568493,65149.06892882123,22327.04444531715,22194.13845912436,20270.328919679694,20270.328919679694,5103.794630885001,5358.984362429252
2026-03-01,RND-108,Ecosystem & Environmental Risk,International Research Consortium,112612.93844266498,117724.56310409152,926.3867580094474,903.5919529481861,136195.54779643982,132844.30066840188,67163.03995568493,67805.38161899308,22327.04444531715,23216.217241075003,20270.328919679694,20270.328919679694,5103.794630885001,5103.794630885001
2026-04-01,RND-108,Ecosystem & Environmental Risk,International Research Consortium,112612.93844266498,112282.41397452504,926.3867580094474,898.0658289588127,136195.54779643982,132031.86085596227,67163.03995568493,66038.2852901158,22327.04444531715,25474.468198370017,20270.328919679694,20270.328919679694,5103.794630885001,5103.794630885001
2026-05-01,RND-108,Ecosystem & Environmental Risk,International Research Consortium,112612.93844266498,120919.03516046389,926.3867580094474,872.8068918117153,136195.54779643982,128318.34190530634,67163.03995568493,63225.32109521573,22327.04444531715,24868.96352309081,20270.328919679694,20270.328919679694,5103.794630885001,5358.984362429252
2026-06-01,RND-108,Ecosystem & Environmental Risk,International Research Consortium,112612.93844266498,112669.03648299977,926.3867580094474,915.7405286466965,136195.54779643982,134630.36022495295,67163.03995568493,67576.86968971559,22327.04444531715,23712.519363099484,20270.328919679694,20270.328919679694,5103.794630885001,5358.984362429252
2025-07-01,RND-109,Ecosystem & Environmental Risk,Government Crown Core,74290.38843761149,61155.257255115066,359.19256973377713,323.27854960800204,62885.77017412761,56598.1099997192,26041.461305698842,23618.51091694844,16201.559477737332,15054.523806379219,13372.269918770067,13372.269918770067,13224.452860235713,13224.452860235713
2025-08-01,RND-109,Ecosystem & Environmental Risk,Government Crown Core,74290.38843761149,85764.55079133317,359.19256973377713,350.99425472530555,62885.77017412761,61450.44718339882,26041.461305698842,26306.94097060519,16201.559477737332,15201.173642105223,13372.269918770067,13372.269918770067,13224.452860235713,13885.6755032475
2025-09-01,RND-109,Ecosystem & Environmental Risk,Government Crown Core,74290.38843761149,82644.31089750072,359.19256973377713,332.29158245199596,62885.77017412761,58176.07001269874,26041.461305698842,24863.085672800076,16201.559477737332,17429.882620414926,13372.269918770067,13372.269918770067,13224.452860235713,13224.452860235713
2025-10-01,RND-109,Ecosystem & Environmental Risk,Government Crown Core,74290.38843761149,72913.24133317888,359.19256973377713,327.39528542641244,62885.77017412761,57318.84902485002,26041.461305698842,24609.04564237672,16201.559477737332,16797.420691381503,13372.269918770067,13372.269918770067,13224.452860235713,13885.6755032475
2025-11-01,RND-109,Ecosystem & Environmental Risk,Government Crown Core,74290.38843761149,73131.18360475186,359.19256973377713,346.0720912756351,62885.77017412761,60588.697621917396,26041.461305698842,25888.21515246347,16201.559477737332,14200.722421431532,13372.269918770067,13372.269918770067,13224.452860235713,13885.6755032475
2025-12-01,RND-109,Ecosystem & Environmental Risk,Government Crown Core,74290.38843761149,79012.14694037613,359.19256973377713,334.1128323514048,62885.77017412761,58494.926003202,26041.461305698842,24858.77200634627,16201.559477737332,19107.209200051395,13372.269918770067,13372.269918770067,13224.452860235713,13885.6755032475
2026-01-01,RND-109,Ecosystem & Environmental Risk,Government Crown Core,74290.38843761149,78747.38541040891,359.19256973377713,357.01794847119237,62885.77017412761,62505.04756331182,26041.461305698842,26310.97702902347,16201.559477737332,20375.313632771744,13372.269918770067,13372.269918770067,13224.452860235713,13224.452860235713
2026-02-01,RND-109,Ecosystem & Environmental Risk,Government Crown Core,74290.38843761149,72748.09366991205,359.19256973377713,359.2840195135734,62885.77017412761,62901.78077768493,26041.461305698842,26555.53729789393,16201.559477737332,19558.794057743045,13372.269918770067,13372.269918770067,13224.452860235713,13885.6755032475
2026-03-01,RND-109,Ecosystem & Environmental Risk,Government Crown Core,74290.38843761149,66100.5899273498,359.19256973377713,359.9567334488614,62885.77017412761,63019.5564153013,26041.461305698842,26578.82239087304,16201.559477737332,18404.849571617015,13372.269918770067,13372.269918770067,13224.452860235713,13885.6755032475
2026-04-01,RND-109,Ecosystem & Environmental Risk,Government Crown Core,74290.38843761149,62376.72627425723,359.19256973377713,346.8198411024502,62885.77017412761,60719.61019561481,26041.461305698842,25993.617267430847,16201.559477737332,17984.570504228403,13372.269918770067,13372.269918770067,13224.452860235713,13885.6755032475
2026-05-01,RND-109,Ecosystem & Environmental Risk,Government Crown Core,74290.38843761149,76070.54778521664,359.19256973377713,356.43154716301615,62885.77017412761,62402.383140372585,26041.461305698842,25779.118593163847,16201.559477737332,16234.668081690164,13372.269918770067,13372.269918770067,13224.452860235713,13224.452860235713
2026-06-01,RND-109,Ecosystem & Environmental Risk,Government Crown Core,74290.38843761149,79121.74275588695,359.19256973377713,323.09769683492675,62885.77017412761,56566.447134500704,26041.461305698842,23668.568380276272,16201.559477737332,16566.49540643171,13372.269918770067,13372.269918770067,13224.452860235713,13885.6755032475
2025-07-01,RND-110,Ecosystem & Environmental Risk,Commercial Enterprise Contract,42884.60527382738,40479.57148133165,953.9402811811751,881.0793979030359,143557.57021357105,132592.80483635794,69160.6703856352,65180.980481531886,6792.295451332774,6880.264301304952,7719.228949288928,7719.228949288928,8310.127526517133,8725.63390284299
2025-08-01,RND-110,Ecosystem & Environmental Risk,Commercial Enterprise Contract,42884.60527382738,40902.65051915828,953.9402811811751,994.7475554013736,143557.57021357105,149698.61829557145,69160.6703856352,72141.37250455093,6792.295451332774,5958.305125405755,7719.228949288928,7719.228949288928,8310.127526517133,8310.127526517133
2025-09-01,RND-110,Ecosystem & Environmental Risk,Commercial Enterprise Contract,42884.60527382738,42417.07801103895,953.9402811811751,936.9192157037114,143557.57021357105,140996.08617668226,69160.6703856352,68557.55734033635,6792.295451332774,8378.854058195502,7719.228949288928,7719.228949288928,8310.127526517133,8725.63390284299
2025-10-01,RND-110,Ecosystem & Environmental Risk,Commercial Enterprise Contract,42884.60527382738,40549.06904480272,953.9402811811751,1017.5572351664069,143557.57021357105,153131.22541890558,69160.6703856352,75719.20729869638,6792.295451332774,6192.103860489849,7719.228949288928,7719.228949288928,8310.127526517133,8725.63390284299
2025-11-01,RND-110,Ecosystem & Environmental Risk,Commercial Enterprise Contract,42884.60527382738,44884.406555680565,953.9402811811751,985.724692387257,143557.57021357105,148340.77617879596,69160.6703856352,73277.00071286208,6792.295451332774,7008.939518268702,7719.228949288928,7719.228949288928,8310.127526517133,8725.63390284299
2025-12-01,RND-110,Ecosystem & Environmental Risk,Commercial Enterprise Contract,42884.60527382738,43918.102663821235,953.9402811811751,952.7358795551887,143557.57021357105,143376.32095258607,69160.6703856352,71459.29664196922,6792.295451332774,7209.630759792209,7719.228949288928,7719.228949288928,8310.127526517133,8310.127526517133
2026-01-01,RND-110,Ecosystem & Environmental Risk,Commercial Enterprise Contract,42884.60527382738,46804.245497530945,953.9402811811751,837.6560112891881,143557.57021357105,126058.06047583066,69160.6703856352,61481.94488916668,6792.295451332774,8255.166765849553,7719.228949288928,7719.228949288928,8310.127526517133,8310.127526517133
2026-02-01,RND-110,Ecosystem & Environmental Risk,Commercial Enterprise Contract,42884.60527382738,37325.47040532228,953.9402811811751,877.3088593610231,143557.57021357105,132025.38005918244,69160.6703856352,63924.83783167986,6792.295451332774,7307.078573637992,7719.228949288928,7719.228949288928,8310.127526517133,8725.63390284299
2026-03-01,RND-110,Ecosystem & Environmental Risk,Commercial Enterprise Contract,42884.60527382738,39082.596062766046,953.9402811811751,786.476448107633,143557.57021357105,118356.09644319896,69160.6703856352,59287.662826106935,6792.295451332774,6561.136263572275,7719.228949288928,7719.228949288928,8310.127526517133,8310.127526517133
2026-04-01,RND-110,Ecosystem & Environmental Risk,Commercial Enterprise Contract,42884.60527382738,42981.01587579377,953.9402811811751,908.7814064310227,143557.57021357105,136761.6538856813,69160.6703856352,68231.4040982051,6792.295451332774,7440.784009781296,7719.228949288928,7719.228949288928,8310.127526517133,8725.63390284299
2026-05-01,RND-110,Ecosystem & Environmental Risk,Commercial Enterprise Contract,42884.60527382738,38541.52203344194,953.9402811811751,931.9651183172634,143557.57021357105,140250.54874899416,69160.6703856352,67679.39938584267,6792.295451332774,6454.677256633802,7719.228949288928,7719.228949288928,8310.127526517133,8725.63390284299
2026-06-01,RND-110,Ecosystem & Environmental Risk,Commercial Enterprise Contract,42884.60527382738,43326.069242630096,953.9402811811751,920.9794125697917,143557.57021357105,138597.3202866888,69160.6703856352,68875.34006202516,6792.295451332774,5990.502738167261,7719.228949288928,7719.228949288928,8310.127526517133,8725.63390284299
2025-07-01,RND-111,Biotechnology & Health Solutions,Government Crown Core,63366.08726325185,62682.86620243657,804.1218814957963,752.3229359840998,133546.47909460156,124943.8444031635,58298.83640844523,54868.6429526989,11671.483316869293,11414.428306204323,11405.895707385333,11405.895707385333,6362.757627914597,6362.757627914597
2025-08-01,RND-111,Biotechnology & Health Solutions,Government Crown Core,63366.08726325185,64725.463495884476,804.1218814957963,829.39553194582,133546.47909460156,137743.86149288918,58298.83640844523,60165.01016401659,11671.483316869293,11025.485431022396,11405.895707385333,11405.895707385333,6362.757627914597,6362.757627914597
2025-09-01,RND-111,Biotechnology & Health Solutions,Government Crown Core,63366.08726325185,63255.279505297054,804.1218814957963,700.0548794404343,133546.47909460156,116263.3009667136,58298.83640844523,50636.91927910173,11671.483316869293,13950.291811928388,11405.895707385333,11405.895707385333,6362.757627914597,6680.895509310327
2025-10-01,RND-111,Biotechnology & Health Solutions,Government Crown Core,63366.08726325185,52224.137729606315,804.1218814957963,830.2578898040035,133546.47909460156,137887.07965213852,58298.83640844523,60635.91220194936,11671.483316869293,11484.782864764817,11405.895707385333,11405.895707385333,6362.757627914597,6680.895509310327
2025-11-01,RND-111,Biotechnology & Health Solutions,Government Crown Core,63366.08726325185,60555.70711218327,804.1218814957963,753.7762860977342,133546.47909460156,125185.21302530145,58298.83640844523,54256.45775489452,11671.483316869293,12810.643437089653,11405.895707385333,11405.895707385333,6362.757627914597,6362.757627914597
2025-12-01,RND-111,Biotechnology & Health Solutions,Government Crown Core,63366.08726325185,65387.270210309856,804.1218814957963,681.5236669704407,133546.47909460156,113185.68520264792,58298.83640844523,51211.251567028085,11671.483316869293,12778.965076080105,11405.895707385333,11405.895707385333,6362.757627914597,6362.757627914597
2026-01-01,RND-111,Biotechnology & Health Solutions,Government Crown Core,63366.08726325185,67205.50511847316,804.1218814957963,758.5486139576734,133546.47909460156,125977.78887411983,58298.83640844523,55015.5113678605,11671.483316869293,14614.296511259578,11405.895707385333,11405.895707385333,6362.757627914597,6362.757627914597
2026-02-01,RND-111,Biotechnology & Health Solutions,Government Crown Core,63366.08726325185,63306.963597389426,804.1218814957963,749.4700360531273,133546.47909460156,124470.04217273308,58298.83640844523,55981.544212239634,11671.483316869293,10983.838658675308,11405.895707385333,11405.895707385333,6362.757627914597,6362.757627914597
2026-03-01,RND-111,Biotechnology & Health Solutions,Government Crown Core,63366.08726325185,63087.02057185019,804.1218814957963,751.5301416442642,133546.47909460156,124812.17917284515,58298.83640844523,54780.34679775155,11671.483316869293,10634.270653584908,11405.895707385333,11405.895707385333,6362.757627914597,6680.895509310327
2026-04-01,RND-111,Biotechnology & Health Solutions,Government Crown Core,63366.08726325185,51204.06689802046,804.1218814957963,818.2171771055317,133546.47909460156,135887.38927724233,58298.83640844523,58887.11891453686,11671.483316869293,12325.174774215653,11405.895707385333,11405.895707385333,6362.757627914597,6362.757627914597
2026-05-01,RND-111,Biotechnology & Health Solutions,Government Crown Core,63366.08726325185,62282.44280516151,804.1218814957963,802.441195901428,133546.47909460156,133267.35518470948,58298.83640844523,59383.975862197585,11671.483316869293,12434.743750189233,11405.895707385333,11405.895707385333,6362.757627914597,6362.757627914597
2026-06-01,RND-111,Biotechnology & Health Solutions,Government Crown Core,63366.08726325185,61212.08980465649,804.1218814957963,755.2247810252729,133546.47909460156,125425.77531070942,58298.83640844523,56853.50509227026,11671.483316869293,12586.916051524848,11405.895707385333,11405.895707385333,6362.757627914597,6362.757627914597
2025-07-01,RND-112,Biotechnology & Health Solutions,Government Crown Core,63438.28089602561,66207.02012417285,967.9698558355415,854.1305096612957,146986.67658714857,129700.11847985846,70177.81454807676,63087.168801695385,13321.470081083637,14702.339774059621,11418.890561284608,11418.890561284608,8259.419037409909,8672.389989280406
2025-08-01,RND-112,Biotechnology & Health Solutions,Government Crown Core,63438.28089602561,51775.409948124725,967.9698558355415,934.1867213743415,146986.67658714857,141856.69177490228,70177.81454807676,69756.79715159161,13321.470081083637,14010.716423491636,11418.890561284608,11418.890561284608,8259.419037409909,8672.389989280406
2025-09-01,RND-112,Biotechnology & Health Solutions,Government Crown Core,63438.28089602561,60105.860033367804,967.9698558355415,953.6453726241324,146986.67658714857,144811.4970933037,70177.81454807676,70004.11300617446,13321.470081083637,16103.746751181483,11418.890561284608,11418.890561284608,8259.419037409909,8259.419037409909
2025-10-01,RND-112,Biotechnology & Health Solutions,Government Crown Core,63438.28089602561,57391.493318291934,967.9698558355415,826.9092534782525,146986.67658714857,125566.55796167566,70177.81454807676,60805.40641030177,13321.470081083637,13749.128144707665,11418.890561284608,11418.890561284608,8259.419037409909,8259.419037409909
2025-11-01,RND-112,Biotechnology & Health Solutions,Government Crown Core,63438.28089602561,60228.90152748988,967.9698558355415,937.1351762346752,146986.67658714857,142304.41602827128,70177.81454807676,70192.09195421834,13321.470081083637,15652.105078184142,11418.890561284608,11418.890561284608,8259.419037409909,8672.389989280406
2025-12-01,RND-112,Biotechnology & Health Solutions,Government Crown Core,63438.28089602561,68177.91715282983,967.9698558355415,943.103718061904,146986.67658714857,143210.74190398617,70177.81454807676,69768.77983542113,13321.470081083637,12669.248327829575,11418.890561284608,11418.890561284608,8259.419037409909,8259.419037409909
2026-01-01,RND-112,Biotechnology & Health Solutions,Government Crown Core,63438.28089602561,63367.99245434916,967.9698558355415,849.1290965673293,146986.67658714857,128940.65155587351,70177.81454807676,63466.68396872298,13321.470081083637,13660.981507298882,11418.890561284608,11418.890561284608,8259.419037409909,8672.389989280406
2026-02-01,RND-112,Biotechnology & Health Solutions,Government Crown Core,63438.28089602561,60940.34740768093,967.9698558355415,904.9528916212641,146986.67658714857,137417.52101621142,70177.81454807676,66008.14375993023,13321.470081083637,15374.859265597328,11418.890561284608,11418.890561284608,8259.419037409909,8672.389989280406
2026-03-01,RND-112,Biotechnology & Health Solutions,Government Crown Core,63438.28089602561,62363.79335470373,967.9698558355415,912.1949117492355,146986.67658714857,138517.22516915624,70177.81454807676,67296.62460963863,13321.470081083637,12716.177860795036,11418.890561284608,11418.890561284608,8259.419037409909,8259.419037409909
2026-04-01,RND-112,Biotechnology & Health Solutions,Government Crown Core,63438.28089602561,62076.65609852487,967.9698558355415,925.4838468082332,146986.67658714857,140535.15619038465,70177.81454807676,69778.4552931194,13321.470081083637,10937.281941665773,11418.890561284608,11418.890561284608,8259.419037409909,8259.419037409909
2026-05-01,RND-112,Biotechnology & Health Solutions,Government Crown Core,63438.28089602561,57782.61889162327,967.9698558355415,905.8632802196579,146986.67658714857,137555.7639518504,70177.81454807676,67582.22052729306,13321.470081083637,13587.419760991856,11418.890561284608,11418.890561284608,8259.419037409909,8672.389989280406
2026-06-01,RND-112,Biotechnology & Health Solutions,Government Crown Core,63438.28089602561,66844.45310109998,967.9698558355415,893.5823806287518,146986.67658714857,135690.90358922104,70177.81454807676,64376.68036748539,13321.470081083637,11959.763045190535,11418.890561284608,11418.890561284608,8259.419037409909,8672.389989280406
2025-07-01,RND-113,Biotechnology & Health Solutions,Government Crown Core,81851.97446880698,73593.48899836586,417.27323035283683,399.9225805518518,67647.67121147073,64834.81151268315,30252.309200580672,29998.634535818423,17797.484917811616,17362.956785105136,14733.355404385255,14733.355404385255,11891.3434570254,11891.3434570254
2025-08-01,RND-113,Biotechnology & Health Solutions,Government Crown Core,81851.97446880698,80493.14186663342,417.27323035283683,360.2232179098321,67647.67121147073,58398.81409909053,30252.309200580672,26035.364268990645,17797.484917811616,18629.512688700146,14733.355404385255,14733.355404385255,11891.3434570254,12485.91062987667
2025-09-01,RND-113,Biotechnology & Health Solutions,Government Crown Core,81851.97446880698,76496.84867087919,417.27323035283683,369.91121995460225,67647.67121147073,59969.41755349018,30252.309200580672,26686.56138012796,17797.484917811616,20336.198559725068,14733.355404385255,14733.355404385255,11891.3434570254,12485.91062987667
2025-10-01,RND-113,Biotechnology & Health Solutions,Government Crown Core,81851.97446880698,93065.84665239087,417.27323035283683,397.07054062131994,67647.67121147073,64372.44334365523,30252.309200580672,28766.894706960968,17797.484917811616,17145.81890382446,14733.355404385255,14733.355404385255,11891.3434570254,12485.91062987667
2025-11-01,RND-113,Biotechnology & Health Solutions,Government Crown Core,81851.97446880698,77119.68755300243,417.27323035283683,375.84057676276365,67647.67121147073,60930.67543124771,30252.309200580672,27592.280380295015,17797.484917811616,18647.806538285156,14733.355404385255,14733.355404385255,11891.3434570254,11891.3434570254
2025-12-01,RND-113,Biotechnology & Health Solutions,Government Crown Core,81851.97446880698,83751.4931229616,417.27323035283683,435.1910722507122,67647.67121147073,70552.48318922847,30252.309200580672,32293.05411887205,17797.484917811616,19785.85048313363,14733.355404385255,14733.355404385255,11891.3434570254,12485.91062987667
2026-01-01,RND-113,Biotechnology & Health Solutions,Government Crown Core,81851.97446880698,91196.34697743454,417.27323035283683,425.6608713778916,67647.67121147073,69007.46220938106,30252.309200580672,30945.750211557002,17797.484917811616,19918.412307627408,14733.355404385255,14733.355404385255,11891.3434570254,12485.91062987667
2026-02-01,RND-113,Biotechnology & Health Solutions,Government Crown Core,81851.97446880698,68883.39603894821,417.27323035283683,407.9720318059232,67647.67121147073,66139.77572380147,30252.309200580672,29904.850669942247,17797.484917811616,17120.789006487474,14733.355404385255,14733.355404385255,11891.3434570254,11891.3434570254
2026-03-01,RND-113,Biotechnology & Health Solutions,Government Crown Core,81851.97446880698,76796.91312289354,417.27323035283683,364.2169125833129,67647.67121147073,59046.265515904845,30252.309200580672,26754.23214392573,17797.484917811616,17013.216558522923,14733.355404385255,14733.355404385255,11891.3434570254,11891.3434570254
2026-04-01,RND-113,Biotechnology & Health Solutions,Government Crown Core,81851.97446880698,91471.62058716611,417.27323035283683,400.19482721798295,67647.67121147073,64878.947708391854,30252.309200580672,29756.12037384307,17797.484917811616,20713.41889495663,14733.355404385255,14733.355404385255,11891.3434570254,11891.3434570254
2026-05-01,RND-113,Biotechnology & Health Solutions,Government Crown Core,81851.97446880698,74027.175803914,417.27323035283683,384.0177866456873,67647.67121147073,62256.35166770185,30252.309200580672,27981.752593815352,17797.484917811616,22150.915316050934,14733.355404385255,14733.355404385255,11891.3434570254,11891.3434570254
2026-06-01,RND-113,Biotechnology & Health Solutions,Government Crown Core,81851.97446880698,75118.7947431744,417.27323035283683,418.34943334997257,67647.67121147073,67822.14352651831,30252.309200580672,30036.935128557237,17797.484917811616,18771.087046330696,14733.355404385255,14733.355404385255,11891.3434570254,12485.91062987667
2025-07-01,RND-114,Biotechnology & Health Solutions,Commercial Enterprise Contract,100467.17607183706,95453.11927401648,499.54630602197267,477.04851159455836,81389.57107121748,77724.07336575525,36217.10718659302,35645.8806164454,17102.665879150536,18928.64082804025,18084.09169293067,18084.09169293067,7500.798177670399,7500.798177670399
2025-08-01,RND-114,Biotechnology & Health Solutions,Commercial Enterprise Contract,100467.17607183706,92827.87157090998,499.54630602197267,476.4114986273699,81389.57107121748,77620.28676671273,36217.10718659302,34929.22912439396,17102.665879150536,20296.054421986908,18084.09169293067,18084.09169293067,7500.798177670399,7500.798177670399
2025-09-01,RND-114,Biotechnology & Health Solutions,Commercial Enterprise Contract,100467.17607183706,90543.9345506169,499.54630602197267,472.9731916032833,81389.57107121748,77060.09378654633,36217.10718659302,35330.555761977295,17102.665879150536,17903.051360094396,18084.09169293067,18084.09169293067,7500.798177670399,7875.838086553919
2025-10-01,RND-114,Biotechnology & Health Solutions,Commercial Enterprise Contract,100467.17607183706,83158.42019153437,499.54630602197267,507.8439024844242,81389.57107121748,82741.47340511499,36217.10718659302,37655.64512003514,17102.665879150536,19645.294516962782,18084.09169293067,18084.09169293067,7500.798177670399,7875.838086553919
2025-11-01,RND-114,Biotechnology & Health Solutions,Commercial Enterprise Contract,100467.17607183706,98773.46025461267,499.54630602197267,468.8420949167319,81389.57107121748,76387.02667881487,36217.10718659302,35042.48726430362,17102.665879150536,14305.949432893061,18084.09169293067,18084.09169293067,7500.798177670399,7500.798177670399
2025-12-01,RND-114,Biotechnology & Health Solutions,Commercial Enterprise Contract,100467.17607183706,98601.48311897999,499.54630602197267,476.5760823644871,81389.57107121748,77647.10189797841,36217.10718659302,34726.18703284994,17102.665879150536,18524.306662925086,18084.09169293067,18084.09169293067,7500.798177670399,7875.838086553919
2026-01-01,RND-114,Biotechnology & Health Solutions,Commercial Enterprise Contract,100467.17607183706,94717.57089014088,499.54630602197267,500.5901031503789,81389.57107121748,81559.63378520864,36217.10718659302,36517.40281674867,17102.665879150536,19683.318923991614,18084.09169293067,18084.09169293067,7500.798177670399,7875.838086553919
2026-02-01,RND-114,Biotechnology & Health Solutions,Commercial Enterprise Contract,100467.17607183706,96776.6438856872,499.54630602197267,459.9900054106077,81389.57107121748,74944.78246781317,36217.10718659302,34367.945652878,17102.665879150536,20530.52847115095,18084.09169293067,18084.09169293067,7500.798177670399,7500.798177670399
2026-03-01,RND-114,Biotechnology & Health Solutions,Commercial Enterprise Contract,100467.17607183706,96285.8538499046,499.54630602197267,462.51222886815907,81389.57107121748,75355.72071894466,36217.10718659302,33948.619013642485,17102.665879150536,16867.51911732692,18084.09169293067,18084.09169293067,7500.798177670399,7500.798177670399
2026-04-01,RND-114,Biotechnology & Health Solutions,Commercial Enterprise Contract,100467.17607183706,102252.29716112293,499.54630602197267,492.6701785927614,81389.57107121748,80269.26439424262,36217.10718659302,35842.64504266217,17102.665879150536,19737.667380218812,18084.09169293067,18084.09169293067,7500.798177670399,7875.838086553919
2026-05-01,RND-114,Biotechnology & Health Solutions,Commercial Enterprise Contract,100467.17607183706,98424.96829893494,499.54630602197267,487.2742331946445,81389.57107121748,79390.11930562471,36217.10718659302,36543.5064962785,17102.665879150536,19069.688959471216,18084.09169293067,18084.09169293067,7500.798177670399,7875.838086553919
2026-06-01,RND-114,Biotechnology & Health Solutions,Commercial Enterprise Contract,100467.17607183706,97845.19496109715,499.54630602197267,496.8390004647531,81389.57107121748,80948.47795251242,36217.10718659302,36558.65525210826,17102.665879150536,15338.90405154058,18084.09169293067,18084.09169293067,7500.798177670399,7875.838086553919
2025-07-01,RND-115,Biotechnology & Health Solutions,Commercial Enterprise Contract,175153.08841799796,167610.29935680705,319.34776722474646,318.2630029550841,54890.43076291012,54703.9782990165,23152.713123794118,23761.20341842724,25316.734832244525,26949.103559256644,31527.55591523963,31527.55591523963,11377.519562527421,11377.519562527421
2025-08-01,RND-115,Biotechnology & Health Solutions,Commercial Enterprise Contract,175153.08841799796,178659.4902033948,319.34776722474646,310.0724135061486,54890.43076291012,53296.15576447592,23152.713123794118,22804.486644477616,25316.734832244525,29547.847328139185,31527.55591523963,31527.55591523963,11377.519562527421,11946.395540653792
2025-09-01,RND-115,Biotechnology & Health Solutions,Commercial Enterprise Contract,175153.08841799796,169048.0541216143,319.34776722474646,327.81202126836126,54890.43076291012,56345.29157054415,23152.713123794118,24549.398388309502,25316.734832244525,28059.072035168676,31527.55591523963,31527.55591523963,11377.519562527421,11946.395540653792
2025-10-01,RND-115,Biotechnology & Health Solutions,Commercial Enterprise Contract,175153.08841799796,171539.8939706216,319.34776722474646,308.0639198202452,54890.43076291012,52950.92997955213,23152.713123794118,22884.818449374146,25316.734832244525,29735.028938763306,31527.55591523963,31527.55591523963,11377.519562527421,11377.519562527421
2025-11-01,RND-115,Biotechnology & Health Solutions,Commercial Enterprise Contract,175153.08841799796,177077.18567334375,319.34776722474646,346.18184025054495,54890.43076291012,59502.7499292842,23152.713123794118,26059.422734605698,25316.734832244525,25473.99259044876,31527.55591523963,31527.55591523963,11377.519562527421,11946.395540653792
2025-12-01,RND-115,Biotechnology & Health Solutions,Commercial Enterprise Contract,175153.08841799796,169360.07455066216,319.34776722474646,284.19918939771094,54890.43076291012,48848.99012784265,23152.713123794118,21405.51779944453,25316.734832244525,24921.893514969463,31527.55591523963,31527.55591523963,11377.519562527421,11377.519562527421
2026-01-01,RND-115,Biotechnology & Health Solutions,Commercial Enterprise Contract,175153.08841799796,164155.45139941105,319.34776722474646,270.95002146254035,54890.43076291012,46571.684288093864,23152.713123794118,20206.631045312854,25316.734832244525,26011.79882457367,31527.55591523963,31527.55591523963,11377.519562527421,11946.395540653792
2026-02-01,RND-115,Biotechnology & Health Solutions,Commercial Enterprise Contract,175153.08841799796,184931.47076338876,319.34776722474646,299.48096199198756,54890.43076291012,51475.666017298114,23152.713123794118,22160.500929048445,25316.734832244525,26746.095623595615,31527.55591523963,31527.55591523963,11377.519562527421,11377.519562527421
2026-03-01,RND-115,Biotechnology & Health Solutions,Commercial Enterprise Contract,175153.08841799796,176943.5745932931,319.34776722474646,323.7517726472609,54890.43076291012,55647.40413029829,23152.713123794118,24071.703084120574,25316.734832244525,26594.864483956015,31527.55591523963,31527.55591523963,11377.519562527421,11946.395540653792
2026-04-01,RND-115,Biotechnology & Health Solutions,Commercial Enterprise Contract,175153.08841799796,162726.61442528781,319.34776722474646,312.1256789644629,54890.43076291012,53649.077052941226,23152.713123794118,23377.079094768833,25316.734832244525,31201.666970172475,31527.55591523963,31527.55591523963,11377.519562527421,11946.395540653792
2026-05-01,RND-115,Biotechnology & Health Solutions,Commercial Enterprise Contract,175153.08841799796,157122.68517657093,319.34776722474646,320.9146385985599,54890.43076291012,55159.74920971224,23152.713123794118,23199.046108943377,25316.734832244525,28354.60542626517,31527.55591523963,31527.55591523963,11377.519562527421,11377.519562527421
2026-06-01,RND-115,Biotechnology & Health Solutions,Commercial Enterprise Contract,175153.08841799796,149477.66153934397,319.34776722474646,299.88582443642855,54890.43076291012,51545.25496156479,23152.713123794118,21903.078516770107,25316.734832244525,27381.480574751426,31527.55591523963,31527.55591523963,11377.519562527421,11946.395540653792
2025-07-01,RND-116,Sustainable Materials & Forestry,Commercial Enterprise Contract,80123.1556493276,69549.62383956915,785.578408873635,794.2841001674732,118196.61511594841,119506.45666906775,56954.434643338536,57438.96385627487,17175.34165777682,17344.60598717901,14422.168016878968,14422.168016878968,6975.278339201484,6975.278339201484
2025-08-01,RND-116,Sustainable Materials & Forestry,Commercial Enterprise Contract,80123.1556493276,83655.88802455498,785.578408873635,754.9792240430118,118196.61511594841,113592.72067150637,56954.434643338536,55424.393267127474,17175.34165777682,18993.24712034785,14422.168016878968,14422.168016878968,6975.278339201484,6975.278339201484
2025-09-01,RND-116,Sustainable Materials & Forestry,Commercial Enterprise Contract,80123.1556493276,89035.77175554514,785.578408873635,782.7938900517527,118196.61511594841,117777.66177436532,56954.434643338536,58450.21780702569,17175.34165777682,18427.35920024247,14422.168016878968,14422.168016878968,6975.278339201484,6975.278339201484
2025-10-01,RND-116,Sustainable Materials & Forestry,Commercial Enterprise Contract,80123.1556493276,83120.93025804016,785.578408873635,714.9020680953151,118196.61511594841,107562.78893842368,56954.434643338536,52352.151787596275,17175.34165777682,16333.474365593254,14422.168016878968,14422.168016878968,6975.278339201484,6975.278339201484
2025-11-01,RND-116,Sustainable Materials & Forestry,Commercial Enterprise Contract,80123.1556493276,79106.97449887234,785.578408873635,780.1459810037378,118196.61511594841,117379.26247637672,56954.434643338536,56007.906264276375,17175.34165777682,17254.881072669363,14422.168016878968,14422.168016878968,6975.278339201484,6975.278339201484
2025-12-01,RND-116,Sustainable Materials & Forestry,Commercial Enterprise Contract,80123.1556493276,85991.41146817926,785.578408873635,697.4133793574973,118196.61511594841,104931.47449765349,56954.434643338536,50536.447417491116,17175.34165777682,19841.259138519283,14422.168016878968,14422.168016878968,6975.278339201484,6975.278339201484
2026-01-01,RND-116,Sustainable Materials & Forestry,Commercial Enterprise Contract,80123.1556493276,80456.93792200962,785.578408873635,747.5294484145824,118196.61511594841,112471.84177169527,56954.434643338536,54792.382666093676,17175.34165777682,20082.9777166437,14422.168016878968,14422.168016878968,6975.278339201484,7324.042256161559
2026-02-01,RND-116,Sustainable Materials & Forestry,Commercial Enterprise Contract,80123.1556493276,68048.61296031797,785.578408873635,746.5055394992073,118196.61511594841,112317.7864073709,56954.434643338536,53859.00986458367,17175.34165777682,14980.872217623591,14422.168016878968,14422.168016878968,6975.278339201484,6975.278339201484
2026-03-01,RND-116,Sustainable Materials & Forestry,Commercial Enterprise Contract,80123.1556493276,82648.82277099122,785.578408873635,796.9653988378592,118196.61511594841,119909.87970536137,56954.434643338536,58915.348952219254,17175.34165777682,16653.407313120926,14422.168016878968,14422.168016878968,6975.278339201484,6975.278339201484
2026-04-01,RND-116,Sustainable Materials & Forestry,Commercial Enterprise Contract,80123.1556493276,74154.06405521467,785.578408873635,719.1516872520555,118196.61511594841,108202.17845598793,56954.434643338536,52790.79948554513,17175.34165777682,18038.592057153048,14422.168016878968,14422.168016878968,6975.278339201484,6975.278339201484
2026-05-01,RND-116,Sustainable Materials & Forestry,Commercial Enterprise Contract,80123.1556493276,80184.14459386455,785.578408873635,750.2198777116197,118196.61511594841,112876.63858449788,56954.434643338536,55816.589291436656,17175.34165777682,20787.980399998403,14422.168016878968,14422.168016878968,6975.278339201484,7324.042256161559
2026-06-01,RND-116,Sustainable Materials & Forestry,Commercial Enterprise Contract,80123.1556493276,81493.30851600454,785.578408873635,818.0408887728884,118196.61511594841,123080.8573494674,56954.434643338536,61538.22123110389,17175.34165777682,22361.483572690922,14422.168016878968,14422.168016878968,6975.278339201484,7324.042256161559
2025-07-01,RND-117,Sustainable Materials & Forestry,Competitive Research Grant,93157.83043432086,98919.63960770392,590.3506560787021,573.8116406673636,87938.49428238386,85474.8464534021,42800.4225657059,42064.278705253106,14306.74980314883,16444.96666897447,16768.409478177753,16768.409478177753,9655.935259197791,10138.732022157681
2025-08-01,RND-117,Sustainable Materials & Forestry,Competitive Research Grant,93157.83043432086,92679.58076423216,590.3506560787021,589.0571442140323,87938.49428238386,87745.8130605639,42800.4225657059,43772.6139838423,14306.74980314883,15128.838972210664,16768.409478177753,16768.409478177753,9655.935259197791,10138.732022157681
2025-09-01,RND-117,Sustainable Materials & Forestry,Competitive Research Grant,93157.83043432086,92585.15088643205,590.3506560787021,530.6909449657009,87938.49428238386,79051.59780724907,42800.4225657059,39361.980650777645,14306.74980314883,14519.423118865803,16768.409478177753,16768.409478177753,9655.935259197791,9655.935259197791
2025-10-01,RND-117,Sustainable Materials & Forestry,Competitive Research Grant,93157.83043432086,83352.43105362402,590.3506560787021,570.9988136270658,87938.49428238386,85055.848401899,42800.4225657059,42946.15267787917,14306.74980314883,15305.334153718772,16768.409478177753,16768.409478177753,9655.935259197791,10138.732022157681
2025-11-01,RND-117,Sustainable Materials & Forestry,Competitive Research Grant,93157.83043432086,84671.72331362512,590.3506560787021,554.5846907121118,87938.49428238386,82610.80452967773,42800.4225657059,41092.90956821776,14306.74980314883,14953.600172999715,16768.409478177753,16768.409478177753,9655.935259197791,9655.935259197791
2025-12-01,RND-117,Sustainable Materials & Forestry,Competitive Research Grant,93157.83043432086,95098.71970247524,590.3506560787021,547.5552077140003,87938.49428238386,81563.69440271765,42800.4225657059,40482.70757274212,14306.74980314883,17981.961960150104,16768.409478177753,16768.409478177753,9655.935259197791,9655.935259197791
2026-01-01,RND-117,Sustainable Materials & Forestry,Competitive Research Grant,93157.83043432086,90235.95975405714,590.3506560787021,579.9305554790749,87938.49428238386,86386.31855840191,42800.4225657059,42856.05423056765,14306.74980314883,16254.36383093549,16768.409478177753,16768.409478177753,9655.935259197791,9655.935259197791
2026-02-01,RND-117,Sustainable Materials & Forestry,Competitive Research Grant,93157.83043432086,99864.45428724664,590.3506560787021,566.0017887823124,87938.49428238386,84311.4927613749,42800.4225657059,42268.82228946089,14306.74980314883,14372.811345032756,16768.409478177753,16768.409478177753,9655.935259197791,10138.732022157681
2026-03-01,RND-117,Sustainable Materials & Forestry,Competitive Research Grant,93157.83043432086,91210.22132004089,590.3506560787021,562.5602457470424,87938.49428238386,83798.84132377013,42800.4225657059,41893.69041978992,14306.74980314883,9870.194859860643,16768.409478177753,16768.409478177753,9655.935259197791,9655.935259197791
2026-04-01,RND-117,Sustainable Materials & Forestry,Competitive Research Grant,93157.83043432086,92533.41267290791,590.3506560787021,578.1375224075973,87938.49428238386,86119.22877560808,42800.4225657059,42829.467390469465,14306.74980314883,14629.32355034071,16768.409478177753,16768.409478177753,9655.935259197791,10138.732022157681
2026-05-01,RND-117,Sustainable Materials & Forestry,Competitive Research Grant,93157.83043432086,86769.09755558688,590.3506560787021,648.7298640142096,87938.49428238386,96634.64730666767,42800.4225657059,47913.78861192792,14306.74980314883,15017.371221785343,16768.409478177753,16768.409478177753,9655.935259197791,10138.732022157681
2026-06-01,RND-117,Sustainable Materials & Forestry,Competitive Research Grant,93157.83043432086,79144.84064014745,590.3506560787021,565.7077328318005,87938.49428238386,84267.6902564458,42800.4225657059,42131.35991020167,14306.74980314883,14759.97699659277,16768.409478177753,16768.409478177753,9655.935259197791,10138.732022157681
2025-07-01,RND-118,Sustainable Materials & Forestry,Government Crown Core,94660.79675790772,87462.48532565159,572.24749521187,533.3132103992505,92991.40188248803,86664.50005013125,41487.943402860576,39790.2188964885,20408.26366317213,22306.101548239036,17038.94341642339,17038.94341642339,13775.024045335611,14463.775247602392
2025-08-01,RND-118,Sustainable Materials & Forestry,Government Crown Core,94660.79675790772,90747.80330274219,572.24749521187,508.17327711664933,92991.40188248803,82579.20888024024,41487.943402860576,37261.18783840539,20408.26366317213,21114.687205669667,17038.94341642339,17038.94341642339,13775.024045335611,13775.024045335611
2025-09-01,RND-118,Sustainable Materials & Forestry,Government Crown Core,94660.79675790772,94815.32733831006,572.24749521187,565.6619466531165,92991.40188248803,91921.23661699053,41487.943402860576,41432.26415276399,20408.26366317213,21689.76297099665,17038.94341642339,17038.94341642339,13775.024045335611,14463.775247602392
2025-10-01,RND-118,Sustainable Materials & Forestry,Government Crown Core,94660.79675790772,105195.9762607014,572.24749521187,589.3631457051988,92991.40188248803,95772.73049785585,41487.943402860576,42939.35955350273,20408.26366317213,20520.495953819518,17038.94341642339,17038.94341642339,13775.024045335611,14463.775247602392
2025-11-01,RND-118,Sustainable Materials & Forestry,Government Crown Core,94660.79675790772,88999.53813110763,572.24749521187,578.4354419682542,92991.40188248803,93996.95603251066,41487.943402860576,42378.023227487676,20408.26366317213,19736.696167185524,17038.94341642339,17038.94341642339,13775.024045335611,14463.775247602392
2025-12-01,RND-118,Sustainable Materials & Forestry,Government Crown Core,94660.79675790772,102764.85953779324,572.24749521187,582.2476798889829,92991.40188248803,94616.45258168629,41487.943402860576,41995.088660041496,20408.26366317213,19752.37949756801,17038.94341642339,17038.94341642339,13775.024045335611,14463.775247602392
2026-01-01,RND-118,Sustainable Materials & Forestry,Government Crown Core,94660.79675790772,93614.09691740014,572.24749521187,528.8728932371349,92991.40188248803,85942.9393248106,41487.943402860576,39320.24917424732,20408.26366317213,20535.61277426226,17038.94341642339,17038.94341642339,13775.024045335611,14463.775247602392
2026-02-01,RND-118,Sustainable Materials & Forestry,Government Crown Core,94660.79675790772,87553.3463653491,572.24749521187,568.225850136009,92991.40188248803,92337.87623736543,41487.943402860576,41411.4514522665,20408.26366317213,21656.40373867506,17038.94341642339,17038.94341642339,13775.024045335611,14463.775247602392
2026-03-01,RND-118,Sustainable Materials & Forestry,Government Crown Core,94660.79675790772,94966.166795928,572.24749521187,511.2925740824108,92991.40188248803,83086.10109062301,41487.943402860576,37429.026159381785,20408.26366317213,22203.886558575738,17038.94341642339,17038.94341642339,13775.024045335611,14463.775247602392
2026-04-01,RND-118,Sustainable Materials & Forestry,Government Crown Core,94660.79675790772,92718.4472077358,572.24749521187,587.3387740782305,92991.40188248803,95443.76592029449,41487.943402860576,42836.57957016568,20408.26366317213,21840.505161152232,17038.94341642339,17038.94341642339,13775.024045335611,13775.024045335611
2026-05-01,RND-118,Sustainable Materials & Forestry,Government Crown Core,94660.79675790772,97297.87649714151,572.24749521187,533.9292518864901,92991.40188248803,86764.60806632269,41487.943402860576,39770.906940016765,20408.26366317213,19582.455666680908,17038.94341642339,17038.94341642339,13775.024045335611,14463.775247602392
2026-06-01,RND-118,Sustainable Materials & Forestry,Government Crown Core,94660.79675790772,87306.33848985733,572.24749521187,579.2498481854592,92991.40188248803,94129.29872771402,41487.943402860576,42580.480126729846,20408.26366317213,20940.745372602403,17038.94341642339,17038.94341642339,13775.024045335611,14463.775247602392
2025-07-01,RND-119,Sustainable Materials & Forestry,Commercial Enterprise Contract,42563.99344172652,40726.267436618306,317.0900417903506,279.98012892261465,58724.62162624552,51851.91890926272,22989.028029800418,20237.25204124319,5990.839759684318,5105.252282785893,7661.518819510773,7661.518819510773,8386.538496139148,8386.538496139148
2025-08-01,RND-119,Sustainable Materials & Forestry,Commercial Enterprise Contract,42563.99344172652,38264.37105114261,317.0900417903506,304.70013837314696,58724.62162624552,56430.0292572992,22989.028029800418,21912.526832801715,5990.839759684318,5978.482630527707,7661.518819510773,7661.518819510773,8386.538496139148,8386.538496139148
2025-09-01,RND-119,Sustainable Materials & Forestry,Commercial Enterprise Contract,42563.99344172652,42353.68347077791,317.0900417903506,279.0865418960249,58724.62162624552,51686.42787166874,22989.028029800418,20461.65052339797,5990.839759684318,5920.08888848607,7661.518819510773,7661.518819510773,8386.538496139148,8805.865420946106
2025-10-01,RND-119,Sustainable Materials & Forestry,Commercial Enterprise Contract,42563.99344172652,43613.09900032205,317.0900417903506,310.2767690252536,58724.62162624552,57462.813267623955,22989.028029800418,23231.855546784893,5990.839759684318,6208.523561521159,7661.518819510773,7661.518819510773,8386.538496139148,8386.538496139148
2025-11-01,RND-119,Sustainable Materials & Forestry,Commercial Enterprise Contract,42563.99344172652,39453.666324892314,317.0900417903506,288.15297621404824,58724.62162624552,53365.518523077924,22989.028029800418,21186.8054381637,5990.839759684318,6007.174904447417,7661.518819510773,7661.518819510773,8386.538496139148,8386.538496139148
2025-12-01,RND-119,Sustainable Materials & Forestry,Commercial Enterprise Contract,42563.99344172652,42727.77472655794,317.0900417903506,354.8998274967363,58724.62162624552,65726.93979063921,22989.028029800418,25800.894590092088,5990.839759684318,6270.246615454861,7661.518819510773,7661.518819510773,8386.538496139148,8386.538496139148
2026-01-01,RND-119,Sustainable Materials & Forestry,Commercial Enterprise Contract,42563.99344172652,39305.99475442181,317.0900417903506,300.5485732507706,58724.62162624552,55661.165342205124,22989.028029800418,21885.088470010138,5990.839759684318,5877.686802510928,7661.518819510773,7661.518819510773,8386.538496139148,8386.538496139148
2026-02-01,RND-119,Sustainable Materials & Forestry,Commercial Enterprise Contract,42563.99344172652,42740.68568100239,317.0900417903506,296.8942639263291,58724.62162624552,54984.39248875496,22989.028029800418,21394.314117897615,5990.839759684318,5593.362740678429,7661.518819510773,7661.518819510773,8386.538496139148,8805.865420946106
2026-03-01,RND-119,Sustainable Materials & Forestry,Commercial Enterprise Contract,42563.99344172652,41115.143843306585,317.0900417903506,297.15205935289737,58724.62162624552,55032.13583255952,22989.028029800418,21843.36709495017,5990.839759684318,6789.669316947552,7661.518819510773,7661.518819510773,8386.538496139148,8386.538496139148
2026-04-01,RND-119,Sustainable Materials & Forestry,Commercial Enterprise Contract,42563.99344172652,43121.197947369954,317.0900417903506,307.52419935404936,58724.62162624552,56953.0413065473,22989.028029800418,22164.927789203583,5990.839759684318,6636.072165859327,7661.518819510773,7661.518819510773,8386.538496139148,8805.865420946106
2026-05-01,RND-119,Sustainable Materials & Forestry,Commercial Enterprise Contract,42563.99344172652,44932.93918422129,317.0900417903506,310.27787323710805,58724.62162624552,57463.01776607803,22989.028029800418,22683.211868752853,5990.839759684318,5655.338340203744,7661.518819510773,7661.518819510773,8386.538496139148,8805.865420946106
2026-06-01,RND-119,Sustainable Materials & Forestry,Commercial Enterprise Contract,42563.99344172652,46752.415695859025,317.0900417903506,304.45584668698837,58724.62162624552,56384.786786879435,22989.028029800418,22348.472880123474,5990.839759684318,6991.08709911312,7661.518819510773,7661.518819510773,8386.538496139148,8386.538496139148
2025-07-01,RND-120,Sustainable Materials & Forestry,Government Crown Core,75526.18648440299,68236.32778476765,571.01528756023,541.709751117564,80320.18124608655,76198.0043974668,41398.60834811668,40600.02886212302,15987.613730546691,15328.624678546797,13594.713567192537,13594.713567192537,8152.815449165758,8152.815449165758
2025-08-01,RND-120,Sustainable Materials & Forestry,Government Crown Core,75526.18648440299,81717.1964304791,571.01528756023,572.6441158487025,80320.18124608655,80549.29557314397,41398.60834811668,42459.37772713576,15987.613730546691,16776.002148828404,13594.713567192537,13594.713567192537,8152.815449165758,8152.815449165758
2025-09-01,RND-120,Sustainable Materials & Forestry,Government Crown Core,75526.18648440299,69532.95221383443,571.01528756023,533.9635618705751,80320.18124608655,75108.40953400351,41398.60834811668,38755.07665619767,15987.613730546691,17944.11418420042,13594.713567192537,13594.713567192537,8152.815449165758,8152.815449165758
2025-10-01,RND-120,Sustainable Materials & Forestry,Government Crown Core,75526.18648440299,78320.25186191109,571.01528756023,559.4112017825156,80320.18124608655,78687.92674578502,41398.60834811668,40188.42416226621,15987.613730546691,16524.86619731983,13594.713567192537,13594.713567192537,8152.815449165758,8560.456221624047
2025-11-01,RND-120,Sustainable Materials & Forestry,Government Crown Core,75526.18648440299,68288.80333423165,571.01528756023,488.6976751669509,80320.18124608655,68741.21709011222,41398.60834811668,35449.59398029717,15987.613730546691,19354.3933049337,13594.713567192537,13594.713567192537,8152.815449165758,8152.815449165758
2025-12-01,RND-120,Sustainable Materials & Forestry,Government Crown Core,75526.18648440299,71171.31235773879,571.01528756023,546.9586836347944,80320.18124608655,76936.33000856166,41398.60834811668,40051.924752935185,15987.613730546691,16809.061511322972,13594.713567192537,13594.713567192537,8152.815449165758,8560.456221624047
2026-01-01,RND-120,Sustainable Materials & Forestry,Government Crown Core,75526.18648440299,74044.11869272222,571.01528756023,523.8388270577981,80320.18124608655,73684.2435739196,41398.60834811668,38992.94871975047,15987.613730546691,17286.30631133282,13594.713567192537,13594.713567192537,8152.815449165758,8560.456221624047
2026-02-01,RND-120,Sustainable Materials & Forestry,Government Crown Core,75526.18648440299,78103.5901360178,571.01528756023,538.855288551949,80320.18124608655,75796.48983975685,41398.60834811668,40439.349354793856,15987.613730546691,13452.342386287659,13594.713567192537,13594.713567192537,8152.815449165758,8560.456221624047
2026-03-01,RND-120,Sustainable Materials & Forestry,Government Crown Core,75526.18648440299,73271.15122501546,571.01528756023,571.3218838947116,80320.18124608655,80363.30771518717,41398.60834811668,42666.51638264643,15987.613730546691,16129.125510011203,13594.713567192537,13594.713567192537,8152.815449165758,8152.815449165758
2026-04-01,RND-120,Sustainable Materials & Forestry,Government Crown Core,75526.18648440299,83725.1946527703,571.01528756023,504.86603501597074,80320.18124608655,71015.49174057548,41398.60834811668,37426.31767540154,15987.613730546691,14285.348280720496,13594.713567192537,13594.713567192537,8152.815449165758,8560.456221624047
2026-05-01,RND-120,Sustainable Materials & Forestry,Government Crown Core,75526.18648440299,78520.53467953324,571.01528756023,594.1246293726359,80320.18124608655,83570.78865238024,41398.60834811668,43341.327376675836,15987.613730546691,19610.111808720652,13594.713567192537,13594.713567192537,8152.815449165758,8560.456221624047
2026-06-01,RND-120,Sustainable Materials & Forestry,Government Crown Core,75526.18648440299,73475.12890969419,571.01528756023,566.4932709418606,80320.18124608655,79684.10511590599,41398.60834811668,41344.846674472996,15987.613730546691,16311.592522848323,13594.713567192537,13594.713567192537,8152.815449165758,8560.456221624047
